timestamp_s,found_lat,found_lon,heading_deg,speed_mps,neff
36000.000000,43.503370,42.492140,120.00,40.00,3000
36000.200000,43.503333,42.492225,120.00,40.00,3000
36000.400000,43.503298,42.492311,120.63,40.00,3000
36000.600000,43.503262,42.492395,119.56,40.00,3000
36000.800000,43.503225,42.492478,120.59,40.00,3000
36001.000000,43.503189,42.492564,121.60,40.00,3000
36001.200000,43.503151,42.492648,120.35,40.00,3000
36001.400000,43.503114,42.492732,121.85,40.00,3000
36001.600000,43.503076,42.492816,121.23,40.00,3000
36001.800000,43.503040,42.492900,121.38,40.00,3000
36002.000000,43.503003,42.492986,121.19,40.00,3000
36002.200000,43.502969,42.493070,120.17,40.00,3000
36002.400000,43.502934,42.493150,119.04,40.00,3000
36002.600000,43.502899,42.493228,121.82,40.00,3000
36002.800000,43.502864,42.493306,121.80,40.00,3000
36003.000000,43.502828,42.493386,121.14,40.00,3000
36003.200000,43.502792,42.493467,121.74,40.00,3000
36003.400000,43.502758,42.493547,121.62,40.00,3000
36003.600000,43.502721,42.493625,120.92,40.00,3000
36003.800000,43.502686,42.493702,123.18,40.00,3000
36004.000000,43.502650,42.493780,122.01,40.00,3000
36004.200000,43.502616,42.493859,122.11,40.00,3000
36004.400000,43.502582,42.493940,120.45,40.00,3000
36004.600000,43.502546,42.494021,120.44,40.00,3000
36004.800000,43.502508,42.494102,121.26,40.00,3000
36005.000000,43.502472,42.494183,123.40,40.00,3000
36005.200000,43.502435,42.494266,121.16,40.00,3000
36005.400000,43.502398,42.494351,121.23,40.00,3000
36005.600000,43.502363,42.494432,121.02,40.00,3000
36005.800000,43.502326,42.494513,120.92,40.00,3000
36006.000000,43.502288,42.494595,122.66,40.00,3000
36006.200000,43.502251,42.494678,121.94,40.00,3000
36006.400000,43.502212,42.494764,121.99,40.00,3000
36006.600000,43.502172,42.494847,122.04,40.00,3000
36006.800000,43.502132,42.494936,123.34,40.00,3000
36007.000000,43.502094,42.495022,121.87,40.00,3000
36007.200000,43.502053,42.495109,121.74,40.00,3000
36007.400000,43.502013,42.495197,122.37,40.00,3000
36007.600000,43.501973,42.495285,122.30,40.00,3000
36007.800000,43.501935,42.495371,122.00,40.00,3000
36008.000000,43.501897,42.495455,121.67,40.00,3000
36008.200000,43.501859,42.495537,121.75,40.00,3000
36008.400000,43.501821,42.495621,122.40,40.00,3000
36008.600000,43.501782,42.495704,122.17,40.00,3000
36008.800000,43.501743,42.495788,123.22,40.00,3000
36009.000000,43.501705,42.495868,122.50,40.00,3000
36009.200000,43.501666,42.495951,123.10,40.00,3000
36009.400000,43.501629,42.496034,122.88,40.00,3000
36009.600000,43.501590,42.496115,121.42,40.00,3000
36009.800000,43.501553,42.496199,123.86,40.00,3000
36010.000000,43.501514,42.496282,121.32,40.00,3000
36010.200000,43.501476,42.496366,123.10,40.00,3000
36010.400000,43.501437,42.496449,121.66,40.00,3000
36010.600000,43.501397,42.496536,122.90,40.00,3000
36010.800000,43.501356,42.496624,122.46,40.00,3000
36011.000000,43.501313,42.496716,122.98,40.00,3000
36011.200000,43.501269,42.496808,122.55,40.00,3000
36011.400000,43.501225,42.496900,123.44,40.00,3000
36011.600000,43.501183,42.496990,123.36,40.00,3000
36011.800000,43.501141,42.497078,122.75,40.00,3000
36012.000000,43.501100,42.497164,123.29,40.00,3000
36012.200000,43.501061,42.497247,123.05,40.00,3000
36012.400000,43.501022,42.497329,123.22,40.00,3000
36012.600000,43.500983,42.497410,123.31,40.00,3000
36012.800000,43.500946,42.497489,123.34,40.00,3000
36013.000000,43.500907,42.497574,123.32,40.00,3000
36013.200000,43.500868,42.497658,121.55,40.00,3000
36013.400000,43.500827,42.497740,122.89,40.00,3000
36013.600000,43.500788,42.497824,124.69,40.00,3000
36013.800000,43.500749,42.497908,122.74,40.00,3000
36014.000000,43.500709,42.497986,122.79,40.00,3000
36014.200000,43.500670,42.498070,124.86,40.00,3000
36014.400000,43.500629,42.498160,122.40,40.00,3000
36014.600000,43.500587,42.498248,122.34,40.00,3000
36014.800000,43.500545,42.498339,123.39,40.00,3000
36015.000000,43.500501,42.498427,122.77,40.00,3000
36015.200000,43.500461,42.498513,124.02,40.00,3000
36015.400000,43.500418,42.498602,123.25,40.00,3000
36015.600000,43.500377,42.498690,123.56,40.00,3000
36015.800000,43.500335,42.498777,122.60,40.00,3000
36016.000000,43.500295,42.498863,123.75,40.00,3000
36016.200000,43.500255,42.498952,122.73,40.00,3000
36016.400000,43.500212,42.499038,121.54,40.00,3000
36016.600000,43.500170,42.499127,124.53,40.00,3000
36016.800000,43.500127,42.499214,123.11,40.00,3000
36017.000000,43.500082,42.499300,124.53,40.00,3000
36017.200000,43.500038,42.499389,125.96,40.00,3000
36017.400000,43.499993,42.499481,123.67,40.00,3000
36017.600000,43.499948,42.499574,124.43,40.00,3000
36017.800000,43.499907,42.499666,123.65,40.00,3000
36018.000000,43.499864,42.499755,121.76,40.00,3000
36018.200000,43.499822,42.499844,123.42,40.00,3000
36018.400000,43.499779,42.499932,122.68,40.00,3000
36018.600000,43.499736,42.500022,123.92,40.00,3000
36018.800000,43.499694,42.500112,123.47,40.00,3000
36019.000000,43.499653,42.500202,123.06,40.00,3000
36019.200000,43.499610,42.500291,122.12,40.00,3000
36019.400000,43.499566,42.500378,123.41,40.00,3000
36019.600000,43.499524,42.500467,125.03,40.00,3000
36019.800000,43.499482,42.500552,123.35,40.00,3000
36020.000000,43.499438,42.500640,123.95,40.00,3000
36020.200000,43.499395,42.500727,124.48,40.00,3000
36020.400000,43.499352,42.500814,124.48,40.00,3000
36020.600000,43.499307,42.500905,124.27,40.00,3000
36020.800000,43.499263,42.500997,124.23,40.00,3000
36021.000000,43.499217,42.501090,123.55,40.00,3000
36021.200000,43.499172,42.501180,124.00,40.00,3000
36021.400000,43.499125,42.501272,124.58,40.00,3000
36021.600000,43.499081,42.501369,125.15,40.00,3000
36021.800000,43.499036,42.501465,122.30,40.00,3000
36022.000000,43.498991,42.501562,123.02,40.00,3000
36022.200000,43.498945,42.501657,122.42,40.00,3000
36022.400000,43.498899,42.501755,123.91,40.00,3000
36022.600000,43.498851,42.501855,122.81,40.00,3000
36022.800000,43.498803,42.501956,123.14,40.00,3000
36023.000000,43.498756,42.502057,123.14,40.00,3000
36023.200000,43.498707,42.502158,123.18,40.00,3000
36023.400000,43.498658,42.502256,123.59,40.00,3000
36023.600000,43.498609,42.502355,124.81,40.00,3000
36023.800000,43.498560,42.502453,123.76,40.00,3000
36024.000000,43.498511,42.502553,124.53,40.00,3000
36024.200000,43.498464,42.502652,124.35,40.00,3000
36024.400000,43.498416,42.502747,123.34,40.00,3000
36024.600000,43.498366,42.502843,124.77,40.00,3000
36024.800000,43.498319,42.502938,125.76,40.00,3000
36025.000000,43.498274,42.503031,123.87,40.00,3000
36025.200000,43.498229,42.503122,124.19,40.00,3000
36025.400000,43.498183,42.503216,123.84,40.00,3000
36025.600000,43.498136,42.503308,124.24,40.00,3000
36025.800000,43.498089,42.503402,125.11,40.00,3000
36026.000000,43.498042,42.503498,124.91,40.00,3000
36026.200000,43.497995,42.503593,123.88,40.00,3000
36026.400000,43.497948,42.503688,124.01,40.00,3000
36026.600000,43.497901,42.503785,124.44,40.00,3000
36026.800000,43.497853,42.503879,123.88,40.00,3000
36027.000000,43.497806,42.503975,124.62,40.00,3000
36027.200000,43.497757,42.504071,124.58,40.00,3000
36027.400000,43.497709,42.504165,124.90,40.00,3000
36027.600000,43.497663,42.504260,125.00,40.00,3000
36027.800000,43.497616,42.504354,124.06,40.00,3000
36028.000000,43.497569,42.504449,124.58,40.00,3000
36028.200000,43.497520,42.504544,124.39,40.00,3000
36028.400000,43.497473,42.504638,125.00,40.00,3000
36028.600000,43.497426,42.504731,124.67,40.00,3000
36028.800000,43.497378,42.504825,124.77,40.00,3000
36029.000000,43.497329,42.504924,125.10,40.00,3000
36029.200000,43.497278,42.505021,124.31,40.00,3000
36029.400000,43.497230,42.505121,126.08,40.00,3000
36029.600000,43.497184,42.505217,123.36,40.00,3000
36029.800000,43.497137,42.505310,123.73,40.00,3000
36030.000000,43.497091,42.505404,124.72,40.00,3000
36030.200000,43.497045,42.505496,124.05,40.00,3000
36030.400000,43.496998,42.505586,124.38,40.00,3000
36030.600000,43.496953,42.505675,126.09,40.00,3000
36030.800000,43.496907,42.505764,124.78,40.00,3000
36031.000000,43.496861,42.505856,125.42,40.00,3000
36031.200000,43.496813,42.505946,124.67,40.00,3000
36031.400000,43.496768,42.506037,126.32,40.00,3000
36031.600000,43.496722,42.506126,124.38,40.00,3000
36031.800000,43.496676,42.506218,125.42,40.00,3000
36032.000000,43.496630,42.506312,124.19,40.00,3000
36032.200000,43.496584,42.506405,124.15,40.00,3000
36032.400000,43.496537,42.506502,124.39,40.00,3000
36032.600000,43.496490,42.506600,123.50,40.00,3000
36032.800000,43.496440,42.506695,124.07,40.00,3000
36033.000000,43.496392,42.506792,125.45,40.00,3000
36033.200000,43.496343,42.506887,124.48,40.00,3000
36033.400000,43.496295,42.506982,125.32,40.00,3000
36033.600000,43.496247,42.507073,125.09,40.00,3000
36033.800000,43.496199,42.507166,125.87,40.00,3000
36034.000000,43.496150,42.507259,125.82,40.00,3000
36034.200000,43.496101,42.507355,125.47,40.00,3000
36034.400000,43.496054,42.507452,125.27,40.00,3000
36034.600000,43.496004,42.507546,123.79,40.00,3000
36034.800000,43.495954,42.507643,126.15,40.00,3000
36035.000000,43.495907,42.507738,125.08,40.00,3000
36035.200000,43.495858,42.507833,124.62,40.00,3000
36035.400000,43.495809,42.507927,125.18,40.00,3000
36035.600000,43.495761,42.508021,126.12,40.00,3000
36035.800000,43.495713,42.508110,125.19,40.00,3000
36036.000000,43.495667,42.508200,126.14,40.00,3000
36036.200000,43.495622,42.508285,125.36,40.00,3000
36036.400000,43.495577,42.508367,126.13,40.00,3000
36036.600000,43.495533,42.508450,127.14,40.00,3000
36036.800000,43.495490,42.508534,126.00,40.00,3000
36037.000000,43.495445,42.508617,125.32,40.00,3000
36037.200000,43.495398,42.508703,126.72,40.00,3000
36037.400000,43.495353,42.508789,127.38,40.00,3000
36037.600000,43.495308,42.508873,125.39,40.00,3000
36037.800000,43.495264,42.508952,126.14,40.00,3000
36038.000000,43.495222,42.509032,127.98,40.00,3000
36038.200000,43.495181,42.509109,125.46,40.00,3000
36038.400000,43.495139,42.509184,126.62,40.00,3000
36038.600000,43.495098,42.509260,128.17,40.00,3000
36038.800000,43.495056,42.509334,125.84,40.00,3000
36039.000000,43.495015,42.509408,128.43,40.00,3000
36039.200000,43.494975,42.509480,127.42,40.00,3000
36039.400000,43.494934,42.509552,127.51,40.00,3000
36039.600000,43.494893,42.509625,127.50,40.00,3000
36039.800000,43.494851,42.509702,128.52,40.00,3000
36040.000000,43.494807,42.509783,126.77,40.00,3000
36040.200000,43.494764,42.509868,126.66,40.00,3000
36040.400000,43.494721,42.509951,125.15,40.00,3000
36040.600000,43.494676,42.510033,125.58,40.00,3000
36040.800000,43.494633,42.510115,127.01,40.00,3000
36041.000000,43.494590,42.510196,126.02,40.00,3000
36041.200000,43.494547,42.510277,125.93,40.00,3000
36041.400000,43.494504,42.510355,126.09,40.00,3000
36041.600000,43.494461,42.510434,126.89,40.00,3000
36041.800000,43.494418,42.510513,127.26,40.00,3000
36042.000000,43.494376,42.510588,127.17,40.00,3000
36042.200000,43.494335,42.510663,127.38,40.00,3000
36042.400000,43.494293,42.510738,127.22,40.00,3000
36042.600000,43.494252,42.510814,127.78,40.00,3000
36042.800000,43.494209,42.510893,126.57,40.00,3000
36043.000000,43.494166,42.510969,126.95,40.00,3000
36043.200000,43.494123,42.511049,127.65,40.00,3000
36043.400000,43.494079,42.511129,126.38,40.00,3000
36043.600000,43.494036,42.511211,127.03,40.00,3000
36043.800000,43.493991,42.511290,126.54,40.00,3000
36044.000000,43.493947,42.511370,127.99,40.00,3000
36044.200000,43.493902,42.511450,127.10,40.00,3000
36044.400000,43.493860,42.511531,127.39,40.00,3000
36044.600000,43.493817,42.511611,125.92,40.00,3000
36044.800000,43.493775,42.511686,126.33,40.00,3000
36045.000000,43.493734,42.511762,128.06,40.00,3000
36045.200000,43.493694,42.511839,126.64,40.00,3000
36045.400000,43.493652,42.511915,125.66,40.00,3000
36045.600000,43.493609,42.511992,127.23,40.00,3000
36045.800000,43.493567,42.512069,127.66,40.00,3000
36046.000000,43.493523,42.512145,126.93,40.00,3000
36046.200000,43.493481,42.512221,128.49,40.00,3000
36046.400000,43.493440,42.512298,126.92,40.00,3000
36046.600000,43.493400,42.512370,126.56,40.00,3000
36046.800000,43.493362,42.512441,126.95,40.00,3000
36047.000000,43.493322,42.512510,126.84,40.00,3000
36047.200000,43.493283,42.512580,128.51,40.00,3000
36047.400000,43.493243,42.512651,127.22,40.00,3000
36047.600000,43.493203,42.512724,127.72,40.00,3000
36047.800000,43.493161,42.512797,127.52,40.00,3000
36048.000000,43.493119,42.512868,128.74,40.00,3000
36048.200000,43.493077,42.512943,128.42,40.00,3000
36048.400000,43.493032,42.513027,128.23,40.00,3000
36048.600000,43.492987,42.513106,126.20,40.00,3000
36048.800000,43.492943,42.513184,128.42,40.00,3000
36049.000000,43.492900,42.513263,127.66,40.00,3000
36049.200000,43.492858,42.513340,126.63,40.00,3000
36049.400000,43.492815,42.513419,127.71,40.00,3000
36049.600000,43.492771,42.513494,126.77,40.00,3000
36049.800000,43.492726,42.513575,128.61,40.00,3000
36050.000000,43.492681,42.513655,127.65,40.00,3000
36050.200000,43.492636,42.513740,127.61,40.00,3000
36050.400000,43.492589,42.513827,126.32,40.00,3000
36050.600000,43.492541,42.513912,126.77,40.00,3000
36050.800000,43.492565,42.514051,127.08,39.93,2999
36051.000000,43.492447,42.514059,127.03,39.95,2998
36051.200000,43.492429,42.514155,127.01,39.93,2994
36051.400000,43.492400,42.514256,126.84,40.04,2995
36051.600000,43.492332,42.514311,126.81,40.01,2992
36051.800000,43.492291,42.514390,126.75,39.97,2993
36052.000000,43.492275,42.514494,126.79,39.94,2996
36052.200000,43.492215,42.514562,126.51,40.11,2976
36052.400000,43.492215,42.514677,126.79,39.94,2992
36052.600000,43.492120,42.514708,126.56,40.02,2983
36052.800000,43.492078,42.514781,126.85,39.84,2987
36053.000000,43.492058,42.514879,126.95,39.78,2979
36053.200000,43.491994,42.514947,126.13,40.06,2963
36053.400000,43.491954,42.515021,126.72,39.85,2975
36053.600000,43.491857,42.515050,126.43,39.95,2970
36053.800000,43.491795,42.515109,126.46,39.93,2963
36054.000000,43.491827,42.515264,126.32,40.02,2951
36054.200000,43.491779,42.515322,126.81,39.69,2926
36054.400000,43.491772,42.515442,126.53,39.84,2922
36054.600000,43.491689,42.515496,126.12,40.11,2895
36054.800000,43.491656,42.515563,126.23,39.80,2870
36055.000000,43.491693,42.515713,126.22,39.67,2839
36055.200000,43.491515,42.515684,125.88,40.11,2791
36055.400000,43.491521,42.515804,125.81,39.97,2761
36055.600000,43.491495,42.515892,125.69,39.88,2723
36055.800000,43.491503,42.516025,125.57,39.99,2672
36056.000000,43.491417,42.516068,125.49,40.07,2616
36056.200000,43.491380,42.516167,125.31,40.33,2544
36056.400000,43.491386,42.516288,125.31,40.23,2511
36056.600000,43.491257,42.516297,125.17,40.48,2436
36056.800000,43.491233,42.516368,125.22,39.97,2432
36057.000000,43.491211,42.516489,125.05,40.42,2357
36057.200000,43.491158,42.516534,125.16,39.96,2341
36057.400000,43.491098,42.516603,125.09,40.13,2296
36057.600000,43.491069,42.516668,125.26,39.68,2254
36057.800000,43.491007,42.516720,125.24,39.65,2217
36058.000000,43.490972,42.516823,125.07,40.01,2188
36058.200000,43.490972,42.516922,125.10,39.67,2138
36058.400000,43.490917,42.516978,125.09,39.59,2097
36058.600000,43.490952,42.517110,125.15,39.25,2042
36058.800000,43.490857,42.517105,125.33,38.90,1971
36059.000000,43.490830,42.517214,125.32,39.21,1967
36059.200000,43.490749,42.517243,125.23,39.10,1923
36059.400000,43.490822,42.517426,125.20,39.04,1884
36059.600000,43.490713,42.517411,125.24,38.73,1823
36059.800000,43.490693,42.517500,125.24,38.63,1782
36060.000000,43.490571,42.517473,125.33,38.35,1721
36060.200000,43.490612,42.517630,125.36,38.45,1690
36060.400000,43.490519,42.517654,125.32,38.46,1655
36060.600000,43.490481,42.517710,125.36,38.18,1601
36060.800000,43.490514,42.517855,125.41,38.15,1566
36061.000000,43.490447,42.517901,125.31,38.13,1531
36061.200000,43.490421,42.517981,125.15,38.05,2999
36061.400000,43.490377,42.518061,124.95,38.18,2987
36061.600000,43.490328,42.518122,125.08,38.07,2979
36061.800000,43.490302,42.518199,125.26,37.92,2955
36062.000000,43.490232,42.518238,124.99,37.93,2933
36062.200000,43.490189,42.518300,125.25,37.79,2893
36062.400000,43.490178,42.518404,124.27,37.99,2858
36062.600000,43.490133,42.518473,124.71,37.90,2822
36062.800000,43.490126,42.518571,125.23,37.71,2758
36063.000000,43.490084,42.518630,125.18,37.59,2707
36063.200000,43.489954,42.518604,125.98,37.35,2584
36063.400000,43.490047,42.518793,123.66,37.61,2605
36063.600000,43.489917,42.518771,124.28,37.34,2549
36063.800000,43.490225,42.518978,118.88,36.14,1696
36064.000000,43.490259,42.519103,118.52,36.09,1630
36064.200000,43.490180,42.519122,117.64,36.16,1546
36064.400000,43.490047,42.519090,119.31,35.47,2831
36064.600000,43.490179,42.519301,118.10,35.64,2961
36064.800000,43.490091,42.519307,118.80,35.28,2808
36065.000000,43.490061,42.519366,118.73,35.14,2729
36065.200000,43.490041,42.519433,118.04,35.21,2723
36065.400000,43.490026,42.519513,118.56,34.84,2558
36065.600000,43.490003,42.519575,117.61,34.97,2545
36065.800000,43.490015,42.519679,117.41,34.83,2451
36066.000000,43.489994,42.519750,117.13,34.76,2362
36066.200000,43.490039,42.519885,116.92,34.59,2265
36066.400000,43.489951,42.519890,116.51,34.61,2177
36066.600000,43.489913,42.519943,116.34,34.49,2090
36066.800000,43.490013,42.520142,115.64,34.78,1984
36067.000000,43.489974,42.520166,116.08,33.95,1908
36067.200000,43.489926,42.520201,115.97,33.75,1814
36067.400000,43.489864,42.520233,115.46,33.89,1758
36067.600000,43.489784,42.520222,115.73,33.36,1645
36067.800000,43.489853,42.520364,115.97,32.95,1512
36068.000000,43.489837,42.520428,115.74,32.78,2998
36068.200000,43.489867,42.520535,115.37,32.65,2972
36068.400000,43.489751,42.520499,116.71,31.97,2720
36068.600000,43.489735,42.520559,116.25,31.90,2661
36068.800000,43.489744,42.520644,116.27,31.70,2510
36069.000000,43.489728,42.520707,116.71,31.39,2290
36069.200000,43.489569,42.520632,117.09,31.17,2087
36069.400000,43.489617,42.520758,116.59,31.15,2002
36069.600000,43.489462,42.520686,117.81,30.65,1725
36069.800000,43.489476,42.520797,118.80,30.46,1494
36070.000000,43.489482,42.520906,119.37,30.46,2998
36070.200000,43.489283,42.520809,119.41,30.47,2960
36070.400000,43.489353,42.520981,119.01,30.64,2885
36070.600000,43.489316,42.521028,118.73,30.59,2791
36070.800000,43.489229,42.520953,119.22,29.62,2650
36071.000000,43.489288,42.521131,118.73,30.04,2563
36071.200000,43.489148,42.521194,118.31,31.25,2291
36071.400000,43.489178,42.521255,117.54,30.80,2214
36071.600000,43.489086,42.521359,117.60,31.83,1900
36071.800000,43.489041,42.521564,118.31,33.19,1543
36072.000000,43.489092,42.521743,118.08,33.45,2998
36072.200000,43.488997,42.521698,117.46,33.05,2951
36072.400000,43.488712,42.521820,119.65,35.42,2664
36072.600000,43.488742,42.521929,119.38,35.20,2592
36072.800000,43.488635,42.522013,119.88,35.85,2397
36073.000000,43.488569,42.522046,119.82,35.74,2301
36073.200000,43.488465,42.522198,120.49,36.91,2026
36073.400000,43.488432,42.522249,120.39,36.66,1984
36073.600000,43.488394,42.522365,120.36,37.05,1842
36073.800000,43.488259,42.522464,120.35,38.10,1567
36074.000000,43.488137,42.522452,120.45,37.92,2970
36074.200000,43.488181,42.522626,120.38,38.06,2969
36074.400000,43.488198,42.522783,120.13,38.35,2926
36074.600000,43.488100,42.522817,120.19,38.49,2860
36074.800000,43.488023,42.522857,120.74,38.27,2791
36075.000000,43.488002,42.522946,120.30,38.34,2736
36075.200000,43.487985,42.523042,120.25,38.29,2664
36075.400000,43.487982,42.523146,119.68,38.36,2586
36075.600000,43.487817,42.523110,120.81,38.05,2484
36075.800000,43.487889,42.523272,120.29,38.00,2414
36076.000000,43.487841,42.523320,119.81,37.92,2334
36076.200000,43.487833,42.523417,119.79,37.81,2242
36076.400000,43.487827,42.523503,119.22,37.81,2157
36076.600000,43.487808,42.523579,118.74,37.85,2066
36076.800000,43.487811,42.523676,118.25,37.90,1971
36077.000000,43.487814,42.523769,117.57,37.94,1873
36077.200000,43.487719,42.523820,118.13,37.88,1806
36077.400000,43.487752,42.523970,118.18,37.83,1731
36077.600000,43.487741,42.524046,117.62,37.78,1658
36077.800000,43.487594,42.524057,118.39,37.71,1589
36078.000000,43.487601,42.524133,117.67,37.62,1530
36078.200000,43.487491,42.524194,118.59,37.56,2984
36078.400000,43.487462,42.524281,118.65,37.54,2960
36078.600000,43.487562,42.524438,117.69,37.49,2933
36078.800000,43.487293,42.524435,120.22,37.34,2715
36079.000000,43.487222,42.524450,119.61,37.36,2697
36079.200000,43.487225,42.524547,119.06,37.37,2640
36079.400000,43.487167,42.524622,119.37,37.24,2519
36079.600000,43.487122,42.524712,119.78,37.06,2384
36079.800000,43.487061,42.524773,119.73,37.07,2290
36080.000000,43.486857,42.524709,120.44,36.65,2103
36080.200000,43.486865,42.524843,120.35,36.86,2051
36080.400000,43.486881,42.524980,120.46,36.82,1959
36080.600000,43.486800,42.525019,120.78,36.48,1822
36080.800000,43.486721,42.525067,120.90,36.52,1746
36081.000000,43.486694,42.525167,120.62,37.07,1719
36081.200000,43.486600,42.525198,120.88,36.79,1648
36081.400000,43.486625,42.525337,120.72,37.02,1597
36081.600000,43.486508,42.525358,120.93,37.01,1549
36081.800000,43.486517,42.525462,120.73,37.17,1500
36082.000000,43.486488,42.525564,120.82,37.33,2999
36082.200000,43.486448,42.525644,120.71,37.42,2991
36082.400000,43.486315,42.525725,121.35,37.66,2948
36082.600000,43.486279,42.525818,121.46,37.64,2931
36082.800000,43.486292,42.525912,121.24,37.52,2922
36083.000000,43.486095,42.525897,121.56,37.74,2881
36083.200000,43.486088,42.526035,121.72,37.81,2850
36083.400000,43.486044,42.526081,121.55,37.66,2834
36083.600000,43.485955,42.526172,121.78,37.91,2795
36083.800000,43.486064,42.526286,121.26,37.41,2781
36084.000000,43.485907,42.526350,121.63,37.81,2748
36084.200000,43.485837,42.526477,121.89,38.15,2704
36084.400000,43.485764,42.526456,121.75,37.74,2691
36084.600000,43.485700,42.526637,122.10,38.32,2639
36084.800000,43.485639,42.526708,122.20,38.31,2617
36085.000000,43.485554,42.526797,122.28,38.59,2578
36085.200000,43.485496,42.526862,122.43,38.53,2564
36085.400000,43.485455,42.526953,122.53,38.54,2543
36085.600000,43.485360,42.526976,122.63,38.43,2526
36085.800000,43.485294,42.527004,122.83,38.18,2510
36086.000000,43.485310,42.527180,122.50,38.49,2470
36086.200000,43.485313,42.527289,122.72,38.29,2459
36086.400000,43.485210,42.527328,122.40,38.48,2416
36086.600000,43.485177,42.527429,122.28,38.64,2375
36086.800000,43.485121,42.527499,122.30,38.62,2350
36087.000000,43.485114,42.527594,122.98,38.40,2356
36087.200000,43.485015,42.527610,122.90,38.42,2323
36087.400000,43.484980,42.527696,122.43,38.50,2270
36087.600000,43.484930,42.527766,122.70,38.48,2243
36087.800000,43.484921,42.527875,122.32,38.57,2188
36088.000000,43.484875,42.527950,122.25,38.63,2138
36088.200000,43.484794,42.527994,122.68,38.57,2105
36088.400000,43.484775,42.528092,123.08,38.47,2063
36088.600000,43.484692,42.528128,123.69,38.38,2008
36088.800000,43.484692,42.528230,123.46,38.34,1967
36089.000000,43.484602,42.528250,123.33,38.27,1920
36089.200000,43.484564,42.528319,122.94,38.23,1871
36089.400000,43.484636,42.528506,123.00,38.20,1812
36089.600000,43.484563,42.528544,122.59,38.24,1758
36089.800000,43.484447,42.528552,123.43,38.13,1678
36090.000000,43.484421,42.528637,123.74,38.08,1611
36090.200000,43.484386,42.528712,123.75,38.03,1553
36090.400000,43.484378,42.528802,123.72,37.87,2999
36090.600000,43.484342,42.528870,124.47,37.68,2952
36090.800000,43.484241,42.528883,123.95,37.74,2936
36091.000000,43.484191,42.528925,124.62,37.45,2828
36091.200000,43.484085,42.528905,125.52,37.10,2645
36091.400000,43.484034,42.529005,124.18,37.57,2693
36091.600000,43.484055,42.529128,123.96,37.49,2623
36091.800000,43.484598,42.528946,119.67,33.05,1607
36092.000000,43.484552,42.528984,119.77,32.84,1568
36092.200000,43.484513,42.529008,121.04,32.29,2929
36092.400000,43.484513,42.529118,119.86,32.65,2979
36092.600000,43.484504,42.529216,119.29,32.81,2922
36092.800000,43.484843,42.528953,116.46,28.97,2150
36093.000000,43.484895,42.529090,116.93,28.78,2097
36093.200000,43.484817,42.529108,115.97,29.06,2093
36093.400000,43.484844,42.529229,115.86,29.10,2049
36093.600000,43.484813,42.529288,116.04,29.01,1991
36093.800000,43.484773,42.529335,116.13,28.95,1926
36094.000000,43.484715,42.529368,115.77,29.11,1867
36094.200000,43.484699,42.529444,115.43,29.24,1804
36094.400000,43.484796,42.529625,115.74,29.07,1739
36094.600000,43.484665,42.529584,115.73,29.07,1677
36094.800000,43.484629,42.529644,115.24,29.26,1626
36095.000000,43.484667,42.529761,115.47,29.06,1560
36095.200000,43.484638,42.529808,115.82,28.85,1487
36095.400000,43.484628,42.529868,116.13,28.56,2989
36095.600000,43.484562,42.529905,115.76,28.79,2982
36095.800000,43.484518,42.529954,115.54,28.85,2942
36096.000000,43.484451,42.530034,115.22,29.31,2838
36096.200000,43.484481,42.530151,114.89,29.35,2749
36096.400000,43.484430,42.530276,114.28,30.19,2441
36096.600000,43.484354,42.530246,113.86,30.00,2386
36096.800000,43.484348,42.530500,113.45,31.38,1887
36097.000000,43.484355,42.530448,112.87,30.46,1978
36097.200000,43.484290,42.530521,112.52,30.93,1772
36097.400000,43.484242,42.530715,112.31,32.02,1452
36097.600000,43.484244,42.530828,111.98,32.29,2998
36097.800000,43.484277,42.530884,111.67,31.92,2946
36098.000000,43.484104,42.531013,111.60,33.29,2775
36098.200000,43.484130,42.531135,111.62,33.22,2687
36098.400000,43.484071,42.531200,111.58,33.33,2554
36098.600000,43.484024,42.531256,111.81,33.25,2450
36098.800000,43.484064,42.531395,110.81,33.59,2256
36099.000000,43.483950,42.531412,110.74,33.73,2139
36099.200000,43.483911,42.531547,111.54,33.80,2080
36099.400000,43.483835,42.531606,111.98,33.80,1990
36099.600000,43.484081,42.531734,110.02,33.24,1908
36099.800000,43.483866,42.531781,111.22,33.55,1851
36100.000000,43.483654,42.531878,112.82,34.00,1656
36100.200000,43.483753,42.531861,111.53,33.25,1703
36100.400000,43.483789,42.531954,111.33,33.03,1643
36100.600000,43.483610,42.532020,112.05,33.42,1498
36100.800000,43.483438,42.532243,113.66,34.28,2905
36101.000000,43.483536,42.532194,112.35,33.32,2972
36101.200000,43.483195,42.532366,114.38,34.70,2670
36101.400000,43.483301,42.532431,113.56,34.11,2678
36101.600000,43.483117,42.532648,114.98,35.13,2381
36101.800000,43.483186,42.532673,114.05,34.61,2379
36102.000000,43.482973,42.532819,115.23,35.45,2158
36102.200000,43.482831,42.532805,115.08,35.49,2070
36102.400000,43.482868,42.532896,114.61,35.25,2018
36102.600000,43.482792,42.532991,114.83,35.43,1930
36102.800000,43.482588,42.533086,115.72,35.95,1808
36103.000000,43.482496,42.533217,116.22,36.26,1715
36103.200000,43.482594,42.533270,115.01,35.72,1698
36103.400000,43.482363,42.533494,117.14,36.69,1565
36103.600000,43.482418,42.533485,115.68,36.08,1557
36103.800000,43.482309,42.533641,116.60,36.46,1484
36104.000000,43.482072,42.533718,117.97,37.12,2980
36104.200000,43.482168,42.533847,117.10,36.83,2984
36104.400000,43.481932,42.533941,118.91,37.51,2897
36104.600000,43.481945,42.534041,118.42,37.40,2883
36104.800000,43.481832,42.534145,119.41,37.63,2791
36105.000000,43.481886,42.534199,117.54,37.44,2791
36105.200000,43.481816,42.534259,117.89,37.24,2753
36105.400000,43.481793,42.534350,117.95,37.08,2681
36105.600000,43.481669,42.534355,118.40,36.89,2576
36105.800000,43.481680,42.534459,117.82,36.86,2528
36106.000000,43.481683,42.534553,117.77,36.60,2436
36106.200000,43.481694,42.534654,117.84,36.28,2326
36106.400000,43.481528,42.534587,119.19,35.74,2108
36106.600000,43.481546,42.534720,119.50,35.63,2020
36106.800000,43.481418,42.534680,120.53,35.20,1831
36107.000000,43.481352,42.534711,121.35,34.92,1683
36107.200000,43.481317,42.534821,121.13,35.18,1674
36107.400000,43.481285,42.534787,122.14,34.32,1444
36107.600000,43.481219,42.534782,122.80,33.97,2974
36107.800000,43.481230,42.534922,122.86,34.15,2949
36108.000000,43.481175,42.534779,124.03,32.82,2591
36108.200000,43.481121,42.534842,124.32,32.90,2517
36108.400000,43.481053,42.534802,124.73,32.40,2298
36108.600000,43.480967,42.535054,124.46,33.79,2269
36108.800000,43.480957,42.534942,124.00,32.53,2152
36109.000000,43.481007,42.535113,123.82,32.57,1992
36109.200000,43.480962,42.535241,123.84,32.86,1790
36109.400000,43.480649,42.535360,124.81,34.55,1369
36109.600000,43.480732,42.535445,124.34,33.86,2924
36109.800000,43.480448,42.535651,125.83,36.09,2642
36110.000000,43.480488,42.535741,125.86,35.29,2694
36110.200000,43.480384,42.535796,126.11,35.47,2536
36110.400000,43.480363,42.535936,125.80,35.92,2328
36110.600000,43.480273,42.535969,125.60,36.03,2193
36110.800000,43.480223,42.536033,124.97,36.16,2023
36111.000000,43.480283,42.536201,124.25,36.33,1841
36111.200000,43.480192,42.536228,124.72,36.15,1818
36111.400000,43.480279,42.536405,122.78,36.52,1513
36111.600000,43.480176,42.536420,123.21,36.35,2952
36111.800000,43.480175,42.536522,122.63,36.42,2962
36112.000000,43.480124,42.536586,123.07,36.28,2863
36112.200000,43.480163,42.536709,120.41,36.85,2596
36112.400000,43.480049,42.536720,121.21,36.74,2672
36112.600000,43.479995,42.536793,122.07,36.65,2634
36112.800000,43.479986,42.536880,121.39,36.63,2550
36113.000000,43.479972,42.536985,121.75,36.61,2469
36113.200000,43.479922,42.537072,122.70,36.69,2327
36113.400000,43.479860,42.537116,122.75,36.59,2247
36113.600000,43.479835,42.537137,121.17,36.07,2238
36113.800000,43.479782,42.537258,122.96,36.50,2032
36114.000000,43.479625,42.537235,123.64,36.62,1850
36114.200000,43.479815,42.537412,121.09,35.43,1898
36114.400000,43.479780,42.537507,121.79,35.55,1752
36114.600000,43.479532,42.537484,124.37,36.70,1446
36114.800000,43.479487,42.537627,125.41,37.57,2879
36115.000000,43.479433,42.537669,125.30,37.26,2863
36115.200000,43.479381,42.537701,124.98,36.83,2793
36115.400000,43.479312,42.537771,125.51,37.15,2612
36115.600000,43.479294,42.537835,125.12,36.70,2481
36115.800000,43.479285,42.537927,124.98,36.54,2319
36116.000000,43.479314,42.538029,124.26,36.05,2138
36116.200000,43.479234,42.538055,124.19,35.97,1984
36116.400000,43.479145,42.538097,124.78,36.25,1864
36116.600000,43.479137,42.538194,124.68,36.19,1735
36116.800000,43.479164,42.538348,125.83,36.52,1613
36117.000000,43.479135,42.538422,124.40,36.26,1518
36117.200000,43.479071,42.538452,125.71,36.30,2887
36117.400000,43.478980,42.538459,126.91,36.31,2604
36117.600000,43.478938,42.538545,126.20,36.34,2681
36117.800000,43.478922,42.538710,124.21,36.79,2675
36118.000000,43.478850,42.538617,126.42,35.71,2484
36118.200000,43.478809,42.538679,126.29,35.60,2374
36118.400000,43.478780,42.538703,127.08,35.12,2163
36118.600000,43.478806,42.538803,127.40,34.84,2005
36118.800000,43.478679,42.539014,124.33,36.69,1791
36119.000000,43.478762,42.539211,123.81,36.66,1613
36119.200000,43.478657,42.539176,123.52,36.08,1516
36119.400000,43.478659,42.539475,122.35,37.79,2691
36119.600000,43.478612,42.539593,121.81,38.17,2456
36119.800000,43.478561,42.539697,121.46,38.45,2217
36120.000000,43.478424,42.539719,121.39,38.77,1985
36120.200000,43.478434,42.539939,121.93,40.08,1616
36120.400000,43.478398,42.540037,121.93,40.16,1516
36120.600000,43.478294,42.540055,121.88,40.04,2994
36120.800000,43.478246,42.540164,122.02,40.78,2905
36121.000000,43.478212,42.540283,121.96,41.45,2669
36121.200000,43.478189,42.540366,122.04,40.63,2730
36121.400000,43.478193,42.540476,122.20,40.05,2647
36121.600000,43.478088,42.540496,122.11,40.16,2568
36121.800000,43.478033,42.540543,122.26,39.56,2414
36122.000000,43.478028,42.540644,122.26,39.25,2270
36122.200000,43.477980,42.540708,122.19,39.13,2152
36122.400000,43.477966,42.540835,121.83,39.89,2120
36122.600000,43.477886,42.540887,121.59,40.25,2009
36122.800000,43.477974,42.541076,122.15,39.59,1915
36123.000000,43.477920,42.541138,121.62,39.70,1807
36123.200000,43.477845,42.541182,120.52,40.06,1629
36123.400000,43.477875,42.541333,119.92,40.25,1489
36123.600000,43.477794,42.541375,119.34,40.42,2972
36123.800000,43.477723,42.541435,119.59,40.45,2954
36124.000000,43.477743,42.541572,119.11,40.50,2857
36124.200000,43.477692,42.541653,119.46,40.49,2789
36124.400000,43.477615,42.541727,120.90,40.54,2628
36124.600000,43.477554,42.541781,120.50,40.44,2563
36124.800000,43.477467,42.541847,121.97,40.52,2294
36125.000000,43.477421,42.541933,122.32,40.56,2147
36125.200000,43.477416,42.542057,122.60,40.55,2018
36125.400000,43.477356,42.542127,122.79,40.56,1913
36125.600000,43.477359,42.542255,123.22,40.51,1802
36125.800000,43.477239,42.542262,123.43,40.51,1717
36126.000000,43.477199,42.542354,123.21,40.68,1654
36126.200000,43.477214,42.542479,123.60,40.39,1582
36126.400000,43.477149,42.542539,123.73,40.40,1515
36126.600000,43.477033,42.542555,123.60,40.54,2994
36126.800000,43.477025,42.542687,123.30,40.90,2933
36127.000000,43.477014,42.542815,123.02,41.15,2842
36127.200000,43.476908,42.542855,122.61,41.50,2683
36127.400000,43.476951,42.543014,122.58,41.34,2665
36127.600000,43.476881,42.543066,122.52,41.26,2620
36127.800000,43.476834,42.543165,122.21,41.61,2481
36128.000000,43.476824,42.543267,122.13,41.37,2452
36128.200000,43.476752,42.543313,122.12,41.20,2415
36128.400000,43.476661,42.543349,121.99,41.24,2356
36128.600000,43.476695,42.543514,121.84,41.39,2277
36128.800000,43.476643,42.543596,121.64,41.55,2198
36129.000000,43.476603,42.543697,121.40,41.83,2093
36129.200000,43.476546,42.543770,121.31,41.83,2036
36129.400000,43.476576,42.543937,121.15,42.01,1972
36129.600000,43.476540,42.544015,121.02,41.83,1931
36129.800000,43.476488,42.544087,121.00,41.81,1900
36130.000000,43.476427,42.544128,120.94,41.43,1869
36130.200000,43.476437,42.544240,120.90,41.19,1842
36130.400000,43.476306,42.544224,120.62,41.13,1788
36130.600000,43.476310,42.544324,120.56,40.85,1774
36130.800000,43.476294,42.544418,120.04,40.87,1657
36131.000000,43.476334,42.544563,119.96,40.70,1641
36131.200000,43.476292,42.544623,119.01,40.78,1437
36131.400000,43.476346,42.544796,117.29,41.26,2693
36131.600000,43.476228,42.544852,117.49,41.63,2712
36131.800000,43.476110,42.544942,118.91,42.11,2653
36132.000000,43.476135,42.545044,117.53,41.81,2516
36132.200000,43.476006,42.545200,120.87,42.85,2015
36132.400000,43.475826,42.545223,122.38,43.45,1595
36132.600000,43.475859,42.545401,121.18,43.59,1561
36132.800000,43.475732,42.545435,123.07,43.82,2798
36133.000000,43.475667,42.545505,123.58,43.82,2642
36133.200000,43.475661,42.545644,123.37,43.97,2637
36133.400000,43.475639,42.545786,122.74,44.40,2594
36133.600000,43.475639,42.545933,120.93,44.69,2517
36133.800000,43.475595,42.545957,122.06,43.61,2603
36134.000000,43.475511,42.545986,122.58,43.26,2493
36134.200000,43.475431,42.546059,122.42,43.65,2342
36134.400000,43.475457,42.546221,122.32,43.76,2185
36134.600000,43.475419,42.546302,120.68,43.78,1837
36134.800000,43.475426,42.546449,120.32,43.92,1678
36135.000000,43.475331,42.546496,120.07,44.03,1567
36135.200000,43.475294,42.546574,120.42,43.76,2820
36135.400000,43.475221,42.546617,120.62,43.51,2573
36135.600000,43.475202,42.546747,120.27,43.82,2675
36135.800000,43.475198,42.546905,119.82,44.33,2732
36136.000000,43.475153,42.547005,119.19,44.61,2624
36136.200000,43.475171,42.547096,120.63,43.38,2438
36136.400000,43.475076,42.547234,118.37,45.55,2050
36136.600000,43.474974,42.547207,120.47,43.93,2191
36136.800000,43.475048,42.547442,119.21,44.81,1851
36137.000000,43.474965,42.547500,118.52,45.10,1601
36137.200000,43.474963,42.547626,118.42,45.00,2992
36137.400000,43.474916,42.547702,117.21,45.27,2775
36137.600000,43.474874,42.547785,116.73,45.24,2615
36137.800000,43.474884,42.547916,116.31,45.13,2467
36138.000000,43.474931,42.548048,114.29,45.09,1965
36138.200000,43.474828,42.548097,114.80,45.09,2000
36138.400000,43.474769,42.548202,115.83,45.19,2017
36138.600000,43.474681,42.548378,119.47,46.24,1604
36138.800000,43.474609,42.548394,118.38,45.47,1679
36139.000000,43.474500,42.548502,120.31,46.27,1216
36139.200000,43.474429,42.548564,119.91,46.07,2941
36139.400000,43.474425,42.548696,119.48,45.96,2743
36139.600000,43.474249,42.548718,122.83,46.63,2311
36139.800000,43.474227,42.548840,123.93,46.69,1926
36140.000000,43.474085,42.548850,122.53,46.79,2024
36140.200000,43.474128,42.549005,124.15,46.25,1630
36140.400000,43.474155,42.549176,123.87,46.28,1586
36140.600000,43.474043,42.549173,125.25,45.78,2788
36140.800000,43.473957,42.549221,125.55,45.65,2669
36141.000000,43.473937,42.549339,125.51,45.62,2601
36141.200000,43.473931,42.549497,124.25,46.01,2627
36141.400000,43.473810,42.549486,125.39,45.44,2371
36141.600000,43.473786,42.549593,125.49,45.29,2207
36141.800000,43.473782,42.549708,125.88,44.98,1981
36142.000000,43.473713,42.549762,126.21,44.68,1782
36142.200000,43.473755,42.549916,126.55,44.31,1565
36142.400000,43.473693,42.549999,126.26,44.46,2987
36142.600000,43.473578,42.550026,126.09,44.51,2888
36142.800000,43.473484,42.550064,126.11,44.41,2717
36143.000000,43.473532,42.550334,124.75,45.82,2142
36143.200000,43.473530,42.550451,125.24,45.39,2090
36143.400000,43.473367,42.550422,125.51,45.20,1928
36143.600000,43.473364,42.550565,125.11,45.40,1716
36143.800000,43.473325,42.550666,124.61,45.52,1522
36144.000000,43.473314,42.550792,124.38,45.56,2987
36144.200000,43.473208,42.550810,123.59,45.52,2827
36144.400000,43.473186,42.550909,123.02,45.45,2610
36144.600000,43.473191,42.551075,123.92,45.53,2587
36144.800000,43.473083,42.551128,124.65,45.65,2439
36145.000000,43.473026,42.551199,124.47,45.53,2272
36145.200000,43.473025,42.551238,122.21,44.68,1934
36145.400000,43.472971,42.551328,122.41,44.71,1816
36145.600000,43.473061,42.551485,120.99,44.16,1511
36145.800000,43.472865,42.551508,122.81,44.81,2698
36146.000000,43.472926,42.551622,121.42,44.05,2910
36146.200000,43.472840,42.551647,121.10,43.83,2793
36146.400000,43.472892,42.551773,120.03,43.33,2547
36146.600000,43.472831,42.551829,119.81,43.22,2389
36146.800000,43.472776,42.551883,119.56,42.98,2210
36147.000000,43.472828,42.552058,119.66,42.88,2088
36147.200000,43.472782,42.552093,118.92,42.43,1853
36147.400000,43.472712,42.552174,119.44,42.58,1815
36147.600000,43.472704,42.552278,119.33,42.41,1690
36147.800000,43.472714,42.552337,118.16,41.67,1456
36148.000000,43.472627,42.552436,119.24,42.23,2845
36148.200000,43.472568,42.552564,120.27,42.74,2475
36148.400000,43.472499,42.552640,120.60,42.86,2347
36148.600000,43.472492,42.552753,120.24,42.72,2395
36148.800000,43.472411,42.552814,120.52,42.80,2243
36149.000000,43.472366,42.552890,119.99,42.64,2230
36149.200000,43.472299,42.552967,120.54,42.80,2065
36149.400000,43.472361,42.553145,119.93,42.62,2018
36149.600000,43.472257,42.553203,120.56,42.93,1880
36149.800000,43.472188,42.553326,121.14,43.56,1637
36150.000000,43.472179,42.553394,121.06,42.96,1643
36150.200000,43.472132,42.553485,121.23,43.04,1570
36150.400000,43.472037,42.553655,120.83,44.15,1357
36150.600000,43.471987,42.553771,120.87,44.50,2986
36150.800000,43.471957,42.553772,121.15,43.57,2892
36151.000000,43.471941,42.553959,120.96,44.22,2903
36151.200000,43.471871,42.553979,121.35,43.84,2819
36151.400000,43.471883,42.554174,121.04,44.32,2718
36151.600000,43.471792,42.554244,120.96,44.58,2578
36151.800000,43.471764,42.554302,121.94,44.14,2518
36152.000000,43.471718,42.554339,122.80,43.65,2357
36152.200000,43.471616,42.554338,123.13,43.37,2210
36152.400000,43.471668,42.554503,123.05,43.30,2109
36152.600000,43.471653,42.554619,122.71,43.31,2011
36152.800000,43.471637,42.554761,121.48,43.58,1834
36153.000000,43.471546,42.554844,119.71,44.05,1475
36153.200000,43.471483,42.554927,120.84,44.03,2918
36153.400000,43.471448,42.555035,120.27,44.12,2945
36153.600000,43.471393,42.555115,119.58,44.17,2866
36153.800000,43.471324,42.555191,119.62,44.19,2793
36154.000000,43.471327,42.555302,118.99,44.01,2653
36154.200000,43.471342,42.555482,119.40,44.27,2662
36154.400000,43.471228,42.555523,119.74,44.42,2633
36154.600000,43.471253,42.555622,119.54,43.87,2472
36154.800000,43.471185,42.555704,119.64,43.98,2461
36155.000000,43.471194,42.555839,119.73,43.88,2403
36155.200000,43.471139,42.555876,119.83,43.38,2252
36155.400000,43.471119,42.555993,119.79,43.49,2236
36155.600000,43.471027,42.556053,119.74,43.72,2248
36155.800000,43.471000,42.556124,120.33,43.18,2099
36156.000000,43.471000,42.556267,120.13,43.40,2107
36156.200000,43.470896,42.556269,120.94,42.90,1956
36156.400000,43.470891,42.556361,121.70,42.35,1775
36156.600000,43.470854,42.556446,121.22,42.41,1773
36156.800000,43.470817,42.556540,120.46,42.66,1771
36157.000000,43.470653,42.556676,123.04,43.78,1592
36157.200000,43.470666,42.556812,122.90,43.74,1544
36157.400000,43.470624,42.556889,122.31,43.76,2956
36157.600000,43.470494,42.556936,124.23,43.78,2909
36157.800000,43.470442,42.557016,124.48,43.72,2825
36158.000000,43.470427,42.557132,124.60,43.71,2746
36158.200000,43.470346,42.557214,125.94,43.74,2501
36158.400000,43.470293,42.557271,125.25,43.66,2498
36158.600000,43.470235,42.557356,125.53,43.71,2381
36158.800000,43.470213,42.557483,126.14,43.74,2232
36159.000000,43.470101,42.557516,126.58,43.76,2090
36159.200000,43.470059,42.557613,126.55,43.79,1985
36159.400000,43.469961,42.557653,128.03,43.53,1769
36159.600000,43.469917,42.557764,126.84,43.98,1734
36159.800000,43.469850,42.557828,127.37,43.85,1633
36160.000000,43.469858,42.557955,128.25,43.61,1512
36160.200000,43.469769,42.557991,128.88,43.46,2983
36160.400000,43.469675,42.558032,128.88,43.48,2951
36160.600000,43.469624,42.558101,129.47,43.28,2818
36160.800000,43.469615,42.558221,129.41,43.27,2734
36161.000000,43.469564,42.558291,129.82,43.12,2583
36161.200000,43.469490,42.558340,129.96,43.01,2457
36161.400000,43.469440,42.558419,129.53,43.09,2362
36161.600000,43.469401,42.558496,129.94,42.86,2237
36161.800000,43.469318,42.558534,129.69,42.85,2123
36162.000000,43.469340,42.558678,129.16,42.92,1999
36162.200000,43.469282,42.558740,129.10,42.79,1901
36162.400000,43.469271,42.558843,129.43,42.57,1813
36162.600000,43.469232,42.558924,128.86,42.67,1689
36162.800000,43.469146,42.558956,129.22,42.52,1622
36163.000000,43.469066,42.559006,128.26,42.77,1469
36163.200000,43.469067,42.559120,129.20,42.41,2933
36163.400000,43.469013,42.559198,128.19,42.67,2965
36163.600000,43.468995,42.559308,128.23,42.64,2913
36163.800000,43.468937,42.559376,128.22,42.63,2847
36164.000000,43.468899,42.559470,127.98,42.71,2758
36164.200000,43.468894,42.559579,128.41,42.46,2705
36164.400000,43.468821,42.559615,128.93,42.16,2610
36164.600000,43.468782,42.559682,129.11,41.95,2523
36164.800000,43.468703,42.559717,128.46,42.03,2489
36165.000000,43.468727,42.559855,128.57,41.88,2425
36165.200000,43.468682,42.559921,128.61,41.75,2364
36165.400000,43.468618,42.559967,128.72,41.58,2302
36165.600000,43.468551,42.560015,128.35,41.61,2259
36165.800000,43.468493,42.560100,127.78,41.93,2194
36166.000000,43.468511,42.560212,128.60,41.39,2167
36166.200000,43.468418,42.560254,127.98,41.71,2137
36166.400000,43.468386,42.560326,128.53,41.41,2095
36166.600000,43.468378,42.560459,128.07,41.70,2065
36166.800000,43.468339,42.560544,128.24,41.60,2029
36167.000000,43.468281,42.560580,128.90,41.15,1950
36167.200000,43.468023,42.560659,130.26,42.10,1849
36167.400000,43.468057,42.560806,130.18,42.07,1820
36167.600000,43.467968,42.560820,130.51,41.80,1754
36167.800000,43.467972,42.560942,130.35,41.82,1731
36168.000000,43.467968,42.561074,129.87,42.07,1709
36168.200000,43.467836,42.561052,130.43,41.80,1654
36168.400000,43.467827,42.561168,130.14,41.90,1623
36168.600000,43.467765,42.561213,131.18,41.49,1532
36168.800000,43.467785,42.561354,129.99,41.71,1529
36169.000000,43.467692,42.561385,130.75,41.44,2963
36169.200000,43.467461,42.561458,132.57,42.21,2643
36169.400000,43.467389,42.561511,132.89,42.12,2562
36169.600000,43.467421,42.561665,132.44,42.20,2581
36169.800000,43.467346,42.561718,131.65,42.38,2585
36170.000000,43.467288,42.561786,131.79,42.29,2494
36170.200000,43.467327,42.561953,130.97,42.48,2450
36170.400000,43.467217,42.561967,131.15,42.38,2357
36170.600000,43.467187,42.562060,131.36,42.32,2261
36170.800000,43.467107,42.562111,130.65,42.47,2194
36171.000000,43.467124,42.562253,130.50,42.50,2115
36171.200000,43.467030,42.562281,130.99,42.42,2036
36171.400000,43.467073,42.562474,129.26,42.88,1845
36171.600000,43.466922,42.562436,130.08,42.59,1898
36171.800000,43.466924,42.562564,129.49,42.68,1799
36172.000000,43.466885,42.562672,129.93,42.62,1766
36172.200000,43.466817,42.562724,129.34,42.69,1673
36172.400000,43.466768,42.562804,129.22,42.63,1615
36172.600000,43.466728,42.562886,128.80,42.66,1530
36172.800000,43.466654,42.562946,128.90,42.57,2985
36173.000000,43.466684,42.563086,128.16,42.62,2947
36173.200000,43.466687,42.563208,128.05,42.61,2923
36173.400000,43.466568,42.563217,128.13,42.56,2876
36173.600000,43.466575,42.563346,127.86,42.57,2841
36173.800000,43.466560,42.563453,127.57,42.60,2767
36174.000000,43.466453,42.563462,127.31,42.59,2696
36174.200000,43.466416,42.563532,127.05,42.54,2633
36174.400000,43.466467,42.563672,126.83,42.42,2582
36174.600000,43.466410,42.563706,126.59,42.30,2533
36174.800000,43.466354,42.563746,126.38,42.17,2485
36175.000000,43.466373,42.563911,126.46,42.26,2510
36175.200000,43.466348,42.563935,126.02,41.98,2419
36175.400000,43.466281,42.564041,126.37,42.11,2470
36175.600000,43.466314,42.564098,125.82,41.80,2380
36175.800000,43.466286,42.564188,125.90,41.75,2373
36176.000000,43.466212,42.564176,125.63,41.50,2318
36176.200000,43.466156,42.564335,126.31,41.77,2364
36176.400000,43.466121,42.564390,126.24,41.56,2340
36176.600000,43.466199,42.564348,124.97,40.77,2187
36176.800000,43.466189,42.564490,125.34,40.80,2194
36177.000000,43.466376,42.564509,123.79,39.87,1951
36177.200000,43.466226,42.564729,125.49,40.56,2110
36177.400000,43.466198,42.564664,124.86,39.97,2002
36177.600000,43.466264,42.564709,124.38,39.45,1888
36177.800000,43.466304,42.564751,124.02,39.04,1785
36178.000000,43.466179,42.564811,124.58,39.20,1798
36178.200000,43.466266,42.564948,124.55,38.92,1732
36178.400000,43.466391,42.564914,123.36,37.96,1537
36178.600000,43.466223,42.564952,123.98,38.17,2969
36178.800000,43.466391,42.564998,123.04,37.32,2963
36179.000000,43.466472,42.565020,122.32,36.71,2838
36179.200000,43.466434,42.565203,123.03,37.08,2844
36179.400000,43.466320,42.565111,122.81,36.72,2748
36179.600000,43.466176,42.565195,123.62,37.13,2686
36179.800000,43.466246,42.565242,123.45,36.50,2589
36180.000000,43.466330,42.565285,123.13,35.83,2455
36180.200000,43.466185,42.565378,123.83,36.32,2389
36180.400000,43.466260,42.565369,123.48,35.42,2258
36180.600000,43.466290,42.565456,123.62,35.16,2152
36180.800000,43.466367,42.565494,123.30,34.51,2008
36181.000000,43.466263,42.565586,123.97,34.88,1955
36181.200000,43.466132,42.565572,124.34,34.91,1864
36181.400000,43.466244,42.565580,123.91,33.96,1729
36181.600000,43.466253,42.565621,123.95,33.62,1628
36181.800000,43.466097,42.565824,125.29,34.83,1561
36182.000000,43.466095,42.565767,125.25,33.96,2924
36182.200000,43.466038,42.565796,125.55,33.84,2895
36182.400000,43.466119,42.565874,125.50,33.26,2729
36182.600000,43.466047,42.565811,125.53,32.77,2548
36182.800000,43.465885,42.565954,126.94,33.91,2596
36183.000000,43.466021,42.565954,126.11,32.49,2348
36183.200000,43.465919,42.565971,126.98,32.63,2280
36183.400000,43.465864,42.566028,127.55,32.69,2166
36183.600000,43.465766,42.566108,128.28,33.17,2036
36183.800000,43.465612,42.566214,129.03,34.17,1803
36184.000000,43.465525,42.566270,129.26,34.26,1720
36184.200000,43.465529,42.566425,129.52,34.48,1603
36184.400000,43.465468,42.566471,129.56,34.29,1564
36184.600000,43.465332,42.566545,130.54,35.26,2790
36184.800000,43.465288,42.566654,130.61,35.45,2718
36185.000000,43.465242,42.566759,130.91,35.81,2472
36185.200000,43.465159,42.566827,131.39,36.33,2082
36185.400000,43.465147,42.566958,131.32,36.51,1914
36185.600000,43.465061,42.567006,131.32,36.62,1783
36185.800000,43.464972,42.567040,132.07,36.80,1540
36186.000000,43.464921,42.567110,131.76,36.79,2987
36186.200000,43.464876,42.567183,132.36,36.85,2949
36186.400000,43.464847,42.567272,132.60,36.89,2858
36186.600000,43.464788,42.567322,132.16,36.86,2799
36186.800000,43.464767,42.567403,131.85,36.76,2718
36187.000000,43.464625,42.567377,133.16,36.73,2633
36187.200000,43.464758,42.567589,131.25,36.42,2462
36187.400000,43.464656,42.567582,130.82,36.25,2292
36187.600000,43.464628,42.567655,131.12,36.11,2179
36187.800000,43.464630,42.567749,130.18,35.92,1907
36188.000000,43.464619,42.567837,129.66,35.78,1688
36188.200000,43.464610,42.567929,128.72,35.68,1445
36188.400000,43.464571,42.567993,127.41,35.55,2968
36188.600000,43.464601,42.568133,127.09,35.52,2886
36188.800000,43.464493,42.568176,128.68,35.91,2808
36189.000000,43.464648,42.568388,126.52,35.33,2628
36189.200000,43.464502,42.568376,126.99,35.55,2538
36189.400000,43.464457,42.568437,126.74,35.47,2412
36189.600000,43.464424,42.568539,127.45,35.74,2312
36189.800000,43.464364,42.568606,127.88,35.89,2200
36190.000000,43.464269,42.568633,128.11,36.00,2091
36190.200000,43.464252,42.568759,129.29,36.30,1934
36190.400000,43.464139,42.568782,130.14,36.49,1778
36190.600000,43.464027,42.568805,131.20,36.70,1599
36190.800000,43.464038,42.568941,131.75,36.84,2999
36191.000000,43.463913,42.569041,127.24,40.00,3000
36191.200000,43.463867,42.569105,127.24,40.00,3000
36191.400000,43.463821,42.569170,134.78,40.00,3000
36191.600000,43.463774,42.569240,133.99,40.00,3000
36191.800000,43.463728,42.569312,132.91,40.00,3000
36192.000000,43.463681,42.569381,131.13,40.00,3000
36192.200000,43.463633,42.569451,133.18,40.00,3000
36192.400000,43.463586,42.569522,133.37,40.00,3000
36192.600000,43.463537,42.569592,133.00,40.00,3000
36192.800000,43.463489,42.569663,133.57,40.00,3000
36193.000000,43.463440,42.569732,133.17,40.00,3000
36193.200000,43.463389,42.569807,134.18,40.00,3000
36193.400000,43.463336,42.569886,133.63,40.00,3000
36193.600000,43.463284,42.569968,132.66,40.00,3000
36193.800000,43.463229,42.570051,130.97,40.00,3000
36194.000000,43.463174,42.570134,132.48,40.00,3000
36194.200000,43.463123,42.570213,132.08,40.00,3000
36194.400000,43.463067,42.570290,131.90,40.00,3000
36194.600000,43.463014,42.570369,134.85,40.00,3000
36194.800000,43.462960,42.570448,132.69,40.00,3000
36195.000000,43.462904,42.570527,133.25,40.00,3000
36195.200000,43.462849,42.570608,134.49,40.00,3000
36195.400000,43.462796,42.570684,133.15,40.00,3000
36195.600000,43.462741,42.570763,134.03,40.00,3000
36195.800000,43.462687,42.570839,133.43,40.00,3000
36196.000000,43.462633,42.570917,134.54,40.00,3000
36196.200000,43.462579,42.570994,133.49,40.00,3000
36196.400000,43.462524,42.571072,134.25,40.00,3000
36196.600000,43.462469,42.571147,134.12,40.00,3000
36196.800000,43.462413,42.571223,135.14,40.00,3000
36197.000000,43.462359,42.571297,135.71,40.00,3000
36197.200000,43.462307,42.571370,134.80,40.00,3000
36197.400000,43.462252,42.571445,134.67,40.00,3000
36197.600000,43.462196,42.571525,135.46,40.00,3000
36197.800000,43.462139,42.571608,133.53,40.00,3000
36198.000000,43.462083,42.571689,133.91,40.00,3000
36198.200000,43.462029,42.571770,133.24,40.00,3000
36198.400000,43.461971,42.571849,132.89,40.00,3000
36198.600000,43.461911,42.571933,135.27,40.00,3000
36198.800000,43.461849,42.572020,134.59,40.00,3000
36199.000000,43.461791,42.572105,134.14,40.00,3000
36199.200000,43.461731,42.572188,133.53,40.00,3000
36199.400000,43.461671,42.572271,134.59,40.00,3000
36199.600000,43.461614,42.572357,135.10,40.00,3000
36199.800000,43.461556,42.572439,132.46,40.00,3000
36200.000000,43.461496,42.572520,134.18,40.00,3000
36200.200000,43.461438,42.572600,135.27,40.00,3000
36200.400000,43.461378,42.572682,135.05,40.00,3000
36200.600000,43.461317,42.572766,135.53,40.00,3000
36200.800000,43.461255,42.572849,135.11,40.00,3000
36201.000000,43.461195,42.572930,135.55,40.00,3000
36201.200000,43.461137,42.573010,135.58,40.00,3000
36201.400000,43.461078,42.573087,135.31,40.00,3000
36201.600000,43.461019,42.573166,136.32,40.00,3000
36201.800000,43.460959,42.573245,135.76,40.00,3000
36202.000000,43.460900,42.573325,136.48,40.00,3000
36202.200000,43.460840,42.573404,135.05,40.00,3000
36202.400000,43.460783,42.573481,136.18,40.00,3000
36202.600000,43.460724,42.573558,136.17,40.00,3000
36202.800000,43.460666,42.573634,136.28,40.00,3000
36203.000000,43.460607,42.573709,136.27,40.00,3000
36203.200000,43.460546,42.573786,137.51,40.00,3000
36203.400000,43.460486,42.573867,137.63,40.00,3000
36203.600000,43.460423,42.573947,135.58,40.00,3000
36203.800000,43.460360,42.574032,137.12,40.00,3000
36204.000000,43.460296,42.574114,135.65,40.00,3000
36204.200000,43.460231,42.574196,137.24,40.00,3000
36204.400000,43.460167,42.574280,137.49,40.00,3000
36204.600000,43.460101,42.574363,136.35,40.00,3000
36204.800000,43.460038,42.574445,137.42,40.00,3000
36205.000000,43.459978,42.574525,136.71,40.00,3000
36205.200000,43.459917,42.574599,136.08,40.00,3000
36205.400000,43.459856,42.574671,138.81,40.00,3000
36205.600000,43.459797,42.574739,139.57,40.00,3000
36205.800000,43.459740,42.574806,139.51,40.00,3000
36206.000000,43.459682,42.574872,140.04,40.00,3000
36206.200000,43.459625,42.574936,139.97,40.00,3000
36206.400000,43.459569,42.574994,140.77,40.00,3000
36206.600000,43.459514,42.575057,143.06,40.00,3000
36206.800000,43.459456,42.575117,140.44,40.00,3000
36207.000000,43.459400,42.575178,143.40,40.00,3000
36207.200000,43.459344,42.575237,141.28,40.00,3000
36207.400000,43.459287,42.575298,142.76,40.00,3000
36207.600000,43.459231,42.575356,142.39,40.00,3000
36207.800000,43.459175,42.575417,142.67,40.00,3000
36208.000000,43.459117,42.575481,141.56,40.00,3000
36208.200000,43.459059,42.575544,141.38,40.00,3000
36208.400000,43.459001,42.575604,141.89,40.00,3000
36208.600000,43.458942,42.575666,143.18,40.00,3000
36208.800000,43.458883,42.575727,142.29,40.00,3000
36209.000000,43.458824,42.575785,143.04,40.00,3000
36209.200000,43.458766,42.575843,144.72,40.00,3000
36209.400000,43.458711,42.575897,143.95,40.00,3000
36209.600000,43.458655,42.575952,144.85,40.00,3000
36209.800000,43.458598,42.576009,144.11,40.00,3000
36210.000000,43.458540,42.576067,144.10,40.00,3000
36210.200000,43.458482,42.576124,143.95,40.00,3000
36210.400000,43.458425,42.576177,144.74,40.00,3000
36210.600000,43.458368,42.576232,145.73,40.00,3000
36210.800000,43.458311,42.576289,145.63,40.00,3000
36211.000000,43.458254,42.576342,143.63,40.00,3000
36211.200000,43.458198,42.576394,146.16,40.00,3000
36211.400000,43.458143,42.576441,146.18,40.00,3000
36211.600000,43.458087,42.576493,147.81,40.00,3000
36211.800000,43.458029,42.576544,145.62,40.00,3000
36212.000000,43.457971,42.576594,147.45,40.00,3000
36212.200000,43.457914,42.576646,148.05,40.00,3000
36212.400000,43.457857,42.576694,146.98,40.00,3000
36212.600000,43.457799,42.576748,148.22,40.00,3000
36212.800000,43.457739,42.576801,146.03,40.00,3000
36213.000000,43.457681,42.576853,147.63,40.00,3000
36213.200000,43.457621,42.576905,147.02,40.00,3000
36213.400000,43.457563,42.576957,147.69,40.00,3000
36213.600000,43.457504,42.577008,146.68,40.00,3000
36213.800000,43.457444,42.577059,148.30,40.00,3000
36214.000000,43.457384,42.577114,147.63,40.00,3000
36214.200000,43.457324,42.577168,146.44,40.00,3000
36214.400000,43.457263,42.577217,147.23,40.00,3000
36214.600000,43.457205,42.577267,149.69,40.00,3000
36214.800000,43.457145,42.577316,148.00,40.00,3000
36215.000000,43.457088,42.577362,149.54,40.00,3000
36215.200000,43.457031,42.577406,149.51,40.00,3000
36215.400000,43.456976,42.577448,150.68,40.00,3000
36215.600000,43.456921,42.577489,150.79,40.00,3000
36215.800000,43.456864,42.577534,151.97,40.00,3000
36216.000000,43.456807,42.577575,149.89,40.00,3000
36216.200000,43.456749,42.577617,152.32,40.00,3000
36216.400000,43.456692,42.577663,152.50,40.00,3000
36216.600000,43.456635,42.577706,149.91,40.00,3000
36216.800000,43.456578,42.577749,151.13,40.00,3000
36217.000000,43.456521,42.577792,150.89,40.00,3000
36217.200000,43.456462,42.577836,151.41,40.00,3000
36217.400000,43.456403,42.577880,151.62,40.00,3000
36217.600000,43.456346,42.577921,151.50,40.00,3000
36217.800000,43.456290,42.577962,152.43,40.00,3000
36218.000000,43.456233,42.578005,152.04,40.00,3000
36218.200000,43.456174,42.578046,151.53,40.00,3000
36218.400000,43.456116,42.578090,153.10,40.00,3000
36218.600000,43.456055,42.578136,151.23,40.00,3000
36218.800000,43.455994,42.578177,151.50,40.00,3000
